index,carat,cut,color,clarity,depth,table,price,x,y,z
25992,1.66,Ideal,H,VS1,61.5,56.0,15210,7.6,7.66,4.69
8767,0.71,Ideal,E,VVS2,62.0,56.0,4467,5.71,5.74,3.55
30712,0.33,Ideal,E,VS2,61.1,55.0,738,4.47,4.51,2.74
24067,2.01,Premium,J,SI1,60.7,61.0,12209,8.15,8.1,4.93
35067,0.42,Ideal,H,SI1,61.7,55.0,885,4.84,4.85,2.99
38886,0.4,Ideal,D,VS2,61.6,57.0,1050,4.77,4.71,2.92
7323,1.01,Good,H,VS2,63.9,58.0,4208,6.26,6.22,3.99
34872,0.3,Very Good,G,VVS2,63.2,57.0,878,4.28,4.23,2.69
47029,0.54,Ideal,F,VS1,62.5,56.0,1819,5.18,5.22,3.25
40860,0.34,Ideal,F,VVS1,61.1,56.0,1174,4.5,4.53,2.76
21934,1.21,Very Good,F,VS1,62.3,58.0,10009,6.76,6.85,4.24
12440,1.2,Ideal,H,VS1,61.9,57.0,5242,6.77,6.73,4.18
27257,2.28,Premium,I,SI1,61.6,58.0,17673,8.43,8.46,5.2
44445,0.61,Ideal,H,VS2,62.0,53.0,1591,5.47,5.49,3.4
21405,1.18,Premium,G,VS2,61.5,58.0,9516,6.87,6.79,4.2
4392,0.31,Very Good,I,VVS1,62.8,55.0,571,4.33,4.36,2.73
980,0.76,Ideal,F,SI1,61.4,56.0,2894,5.88,5.92,3.62
10602,1.01,Ideal,I,SI1,61.2,56.0,4825,6.48,6.51,3.97
50506,0.78,Very Good,I,SI2,60.6,58.0,2271,5.92,5.97,3.6
13832,1.25,Premium,J,VS1,62.2,58.0,5637,6.88,6.92,4.29
33962,0.4,Very Good,D,VS2,63.3,58.0,845,4.63,4.66,2.94
9606,1.02,Very Good,G,SI1,63.0,55.0,4633,6.4,6.45,4.05
24665,2.1,Very Good,G,SI2,63.4,58.0,13007,8.19,8.12,5.17
39652,0.4,Ideal,G,VS1,61.4,55.0,1087,4.77,4.78,2.93
52192,0.7,Fair,G,VS2,64.9,57.0,2479,5.55,5.54,3.6
24668,1.51,Good,F,VS2,61.0,63.0,13010,7.32,7.39,4.49
4708,1.0,Good,J,SI1,63.9,60.0,3679,6.26,6.19,3.98
12920,1.2,Premium,H,SI2,62.3,58.0,5376,6.81,6.76,4.23
4916,0.9,Good,E,SI2,62.1,63.0,3724,6.09,6.12,3.79
26921,2.03,Ideal,I,VS2,62.7,57.0,16945,8.05,8.02,5.04
26231,2.1,Ideal,I,SI2,61.9,56.0,15653,8.22,8.2,5.08
35443,0.32,Ideal,E,VS2,62.6,53.0,900,4.38,4.37,2.74
34603,0.27,Very Good,E,VS1,62.9,56.0,470,4.12,4.15,2.6
20453,1.1,Ideal,F,VS1,61.5,59.0,8796,6.63,6.58,4.06
48108,0.5,Ideal,G,VVS2,60.5,55.0,1935,5.15,5.13,3.11
42753,0.58,Ideal,G,SI2,62.2,55.0,1343,5.4,5.36,3.35
33594,0.37,Premium,G,VS2,60.7,57.0,833,4.69,4.64,2.83
37502,0.3,Premium,E,IF,61.9,61.0,984,4.32,4.27,2.66
42327,0.41,Ideal,F,VVS1,60.9,56.0,1295,4.79,4.83,2.93
34097,0.36,Premium,D,VS2,61.8,58.0,852,4.55,4.58,2.82
30730,0.32,Ideal,F,VVS2,62.1,54.0,739,4.42,4.44,2.75
3953,0.7,Ideal,E,VS2,61.0,56.0,3504,5.74,5.78,3.52
49638,0.32,Premium,G,SI2,62.3,58.0,540,4.42,4.37,2.74
21013,1.3,Ideal,G,VS2,61.9,55.0,9225,7.04,7.01,4.35
23089,1.57,Premium,G,SI1,59.2,59.0,11113,7.68,7.6,4.52
39995,0.41,Ideal,F,VS2,60.0,56.0,1107,4.88,4.82,2.91
12036,0.34,Premium,G,VS2,61.6,60.0,596,4.47,4.49,2.76
26278,2.04,Premium,H,SI2,62.7,56.0,15760,8.12,8.06,5.07
41856,0.61,Premium,G,SI1,60.8,60.0,1255,5.42,5.42,3.31
3431,0.78,Very Good,E,SI1,59.8,57.0,3385,5.98,6.02,3.59
40996,0.5,Premium,E,SI2,61.8,59.0,1181,5.07,5.03,3.12
44999,0.31,Very Good,I,SI1,63.5,56.0,523,4.32,4.28,2.73
22214,1.72,Ideal,G,SI2,62.8,59.0,10268,7.62,7.55,4.76
24686,1.61,Very Good,E,SI1,62.3,57.0,13047,7.43,7.47,4.64
25822,1.5,Very Good,G,VVS1,63.3,58.0,14842,7.19,7.27,4.58
25638,1.13,Ideal,E,VVS1,60.6,57.0,14525,6.72,6.77,4.09
4326,1.01,Fair,I,VS2,68.7,58.0,3597,6.14,6.0,4.19
13815,1.25,Very Good,J,VS1,61.8,58.0,5628,6.89,6.93,4.27
5798,0.91,Ideal,I,VS1,62.1,57.0,3906,6.2,6.23,3.86
51658,0.3,Ideal,G,VS2,62.0,54.0,545,4.33,4.35,2.69
600,0.7,Premium,G,VS1,62.6,55.0,2838,5.73,5.64,3.56
50238,0.71,Ideal,I,VS2,62.3,59.0,2233,5.68,5.71,3.55
22137,1.2,Premium,G,IF,59.4,61.0,10169,6.95,6.92,4.12
26887,2.51,Very Good,J,SI1,63.8,55.0,16842,8.51,8.6,5.46
24147,1.05,Ideal,F,VVS1,59.0,60.0,12315,6.62,6.67,3.92
42657,0.4,Ideal,E,VVS1,61.5,56.0,1333,4.75,4.78,2.93
7054,0.33,Ideal,H,VS1,62.0,55.0,579,4.44,4.46,2.76
22104,1.52,Very Good,I,VS2,61.7,55.0,10130,7.39,7.32,4.54
26704,0.32,Ideal,G,VS1,62.3,55.0,645,4.37,4.4,2.73
9189,0.93,Ideal,G,SI1,62.0,56.0,4546,6.22,6.26,3.87
4210,0.72,Premium,E,VVS1,62.9,59.0,3566,5.75,5.67,3.59
20173,1.06,Ideal,G,VVS2,60.1,57.0,8626,6.61,6.66,3.99
16181,1.0,Premium,F,VS2,58.6,61.0,6468,6.53,6.5,3.82
4993,0.9,Good,D,SI2,63.8,58.0,3740,6.13,6.09,3.9
40484,0.64,Good,J,SI2,64.7,54.0,1141,5.39,5.43,3.5
27469,2.14,Very Good,E,SI2,61.5,58.0,18125,8.24,8.31,5.09
39657,0.42,Ideal,H,VS1,62.0,57.0,1087,4.82,4.8,2.98
11359,1.12,Premium,H,SI1,62.4,56.0,4994,6.74,6.63,4.17
40735,0.46,Very Good,I,VVS1,62.9,57.0,1163,4.91,4.95,3.1
23194,2.0,Premium,H,SI1,61.7,58.0,11200,7.82,7.77,4.81
20849,1.5,Good,E,SI2,63.9,58.0,9072,7.26,7.21,4.62
40359,0.43,Premium,D,VS2,60.7,58.0,1129,4.88,4.84,2.95
9648,1.12,Premium,H,SI2,59.7,60.0,4641,6.77,6.72,4.03
31456,0.34,Premium,E,SI1,59.6,57.0,765,4.61,4.52,2.72
4019,1.02,Ideal,I,SI2,62.9,56.0,3521,6.45,6.37,4.03
46471,0.58,Ideal,F,SI2,60.9,56.0,1776,5.42,5.39,3.29
32689,0.31,Very Good,G,VS1,63.3,56.0,802,4.33,4.29,2.73
37708,0.38,Very Good,D,VS1,58.2,58.0,995,4.77,4.81,2.79
50126,0.51,Very Good,E,VVS2,61.4,59.0,2211,5.1,5.16,3.15
26330,2.05,Premium,I,SI1,61.2,57.0,15837,8.24,8.21,5.03
41543,0.5,Good,D,SI1,63.7,57.0,1235,5.01,4.94,3.17
52759,0.72,Very Good,E,SI1,62.0,57.0,2562,5.73,5.76,3.56
32113,0.36,Ideal,H,VVS1,62.0,54.0,783,4.59,4.61,2.85
42165,0.51,Ideal,E,SI1,61.2,57.0,1284,5.14,5.16,3.15
33553,0.3,Ideal,G,IF,62.3,52.8,830,4.29,4.33,2.69
33913,0.3,Premium,E,VS2,62.8,59.0,844,4.26,4.24,2.67
10986,1.01,Good,E,SI1,63.1,60.0,4912,6.34,6.37,4.01
6203,1.02,Good,I,SI1,64.2,53.0,3998,6.3,6.26,4.03
12283,1.33,Premium,H,SI2,61.9,58.0,5214,7.07,7.01,4.36
5682,1.01,Good,F,SI2,62.7,61.0,3886,6.28,6.38,3.97
45708,0.56,Ideal,H,VS1,62.8,56.0,1698,5.28,5.23,3.3
49822,0.61,Ideal,G,VS1,61.9,56.0,2167,5.43,5.45,3.37
50738,0.52,Ideal,D,VS1,62.2,56.0,2296,5.16,5.13,3.2
13448,1.0,Very Good,G,SI1,61.0,56.7,5522,6.44,6.47,3.94
26421,1.72,Premium,G,VS2,61.1,58.0,15946,7.73,7.69,4.71
53086,0.57,Ideal,G,VVS1,60.9,56.0,2612,5.37,5.41,3.28
22849,1.5,Good,H,VS2,63.9,60.0,10886,7.22,7.17,4.6
33095,0.37,Ideal,H,VVS1,62.0,53.0,815,4.63,4.66,2.88
10354,0.91,Fair,E,VS1,64.5,58.0,4770,6.14,6.1,3.95
41217,0.4,Premium,D,VVS2,62.0,61.0,1206,4.72,4.7,2.92
49636,0.32,Very Good,I,SI1,63.5,57.0,540,4.33,4.3,2.74
22402,1.5,Good,G,SI1,63.7,59.0,10428,7.19,7.23,4.59
25777,2.01,Good,G,SI2,63.0,60.0,14745,7.92,7.99,5.01
42709,0.57,Very Good,G,SI1,61.9,59.0,1340,5.28,5.31,3.28
41958,0.23,Very Good,E,VVS2,61.9,60.0,505,3.93,3.96,2.44
12413,1.14,Very Good,E,SI2,61.5,58.0,5236,6.66,6.73,4.12
39918,0.42,Very Good,E,VS1,62.1,55.0,1105,4.81,4.85,3.0
17991,1.75,Ideal,H,I1,61.5,54.9,7276,7.75,7.78,4.78
11354,1.01,Premium,E,SI1,59.9,59.0,4991,6.49,6.46,3.88
30809,0.3,Ideal,E,VVS2,62.0,55.0,743,4.3,4.34,2.68
48873,1.0,Fair,I,I1,64.5,58.0,2035,6.33,6.1,4.01
31173,0.41,Good,I,VS1,63.7,57.0,755,4.67,4.72,2.99
39095,0.41,Good,J,IF,63.6,54.0,1061,4.75,4.72,3.01
31858,0.3,Ideal,H,VVS2,60.4,56.0,776,4.36,4.32,2.62
41493,0.51,Good,D,SI2,64.2,56.0,1232,5.05,5.02,3.23
126,0.7,Premium,F,VS2,61.6,60.0,2762,5.65,5.59,3.46
2865,0.72,Ideal,D,VS2,60.5,57.0,3275,5.81,5.83,3.52
20874,1.05,Ideal,F,VVS2,62.1,54.0,9092,6.52,6.55,4.06
49289,0.73,Very Good,I,SI2,63.0,58.0,2093,5.71,5.75,3.61
37565,0.31,Ideal,G,IF,62.6,57.0,988,4.32,4.3,2.7
30583,0.31,Ideal,D,VS2,62.1,54.0,734,4.35,4.41,2.72
1205,0.7,Ideal,D,SI2,62.6,54.0,2936,5.69,5.72,3.57
24502,1.64,Very Good,E,SI1,61.8,59.0,12779,7.51,7.55,4.65
19973,1.16,Very Good,E,VS2,62.1,58.0,8520,6.63,6.7,4.14
25086,1.54,Premium,G,VS1,61.9,59.0,13609,7.34,7.37,4.55
31904,0.3,Ideal,G,VS1,62.2,55.0,776,4.31,4.28,2.67
24139,1.5,Premium,G,VS2,62.9,54.0,12308,7.31,7.26,4.58
23387,0.3,Good,I,IF,63.3,57.0,631,4.23,4.3,2.7
8418,1.51,Premium,H,I1,60.9,56.0,4404,7.38,7.26,4.46
48317,0.28,Very Good,F,VS1,62.3,52.0,536,4.2,4.26,2.62
46442,0.53,Ideal,E,VS1,60.4,57.0,1772,5.27,5.26,3.18
35433,0.32,Ideal,E,VS2,62.1,54.0,900,4.42,4.4,2.74
48750,0.55,Ideal,G,VVS2,60.5,58.0,2016,5.3,5.34,3.22
14472,0.74,Ideal,D,VVS2,61.4,56.0,5841,5.82,5.87,3.58
41476,0.5,Premium,F,SI1,61.7,57.0,1231,5.09,5.06,3.13
42466,0.55,Premium,G,SI1,61.3,59.0,1316,5.23,5.28,3.22
29974,0.32,Ideal,D,SI1,60.9,55.0,715,4.45,4.48,2.72
12802,0.7,Ideal,E,VVS1,61.8,55.0,5338,5.69,5.73,3.53
49355,0.71,Very Good,F,SI2,59.0,58.0,2098,5.84,5.89,3.46
3034,0.26,Premium,H,VVS2,59.8,61.0,565,4.18,4.15,2.49
3466,0.91,Premium,G,SI1,58.0,59.0,3392,6.45,6.38,3.72
51456,0.71,Ideal,H,SI2,62.6,56.0,2376,5.65,5.75,3.57
7002,1.0,Good,I,VS2,59.7,64.0,4155,6.51,6.45,3.87
10378,1.09,Ideal,J,VS2,43.0,54.0,4778,6.53,6.55,4.12
15216,1.01,Premium,G,VS2,62.1,54.0,6108,6.5,6.36,3.99
9344,1.03,Ideal,G,SI2,61.8,55.0,4582,6.46,6.51,4.01
23526,1.2,Ideal,G,VVS2,61.0,56.0,11530,6.86,6.88,4.19
22927,1.52,Premium,E,SI1,62.4,59.0,10963,7.37,7.34,4.59
7441,0.94,Premium,F,SI2,62.2,59.0,4230,6.27,6.23,3.89
10489,1.01,Ideal,F,SI2,60.0,57.0,4796,6.55,6.51,3.92
34949,0.28,Very Good,I,VS2,61.9,57.0,379,4.16,4.19,2.58
25747,1.52,Very Good,D,VS2,63.4,59.0,14680,7.32,7.24,4.61
49554,0.77,Premium,G,SI2,61.3,58.0,2129,5.94,5.88,3.62
53119,0.81,Good,I,VS2,63.8,58.0,2617,5.84,5.89,3.74
5810,0.92,Premium,F,SI1,62.0,60.0,3910,6.26,6.19,3.86
32239,0.31,Ideal,G,VVS1,62.1,53.0,789,4.36,4.4,2.72
15951,1.24,Ideal,I,SI1,60.6,59.0,6381,6.97,7.03,4.24
6724,0.27,Ideal,F,VS2,60.9,57.0,577,4.17,4.2,2.55
32765,0.34,Ideal,D,SI1,60.6,56.0,803,4.54,4.51,2.74
9712,0.26,Very Good,F,SI1,59.6,55.0,590,4.18,4.24,2.51
11317,1.05,Very Good,I,VS2,63.2,59.0,4986,6.47,6.44,4.08
37759,0.38,Ideal,G,VS1,62.5,56.0,998,4.64,4.58,2.88
14328,1.03,Ideal,D,SI1,61.2,55.0,5804,6.51,6.57,4.0
34421,0.3,Ideal,G,IF,61.8,55.0,863,4.32,4.36,2.68
29788,0.3,Ideal,D,SI1,61.4,55.0,709,4.34,4.29,2.65
16191,1.01,Premium,G,VVS2,61.9,60.0,6470,6.45,6.41,3.98
10799,1.0,Premium,H,VS2,59.7,58.0,4861,6.57,6.52,3.91
19528,1.02,Ideal,G,IF,62.5,57.0,8162,6.37,6.44,4.0
33495,0.32,Premium,F,VS2,62.1,59.0,828,4.41,4.35,2.72
19953,1.53,Ideal,H,SI2,61.9,57.0,8499,7.42,7.34,4.57
18333,1.31,Premium,H,VS2,62.5,58.0,7459,6.97,6.94,4.35
48041,0.51,Premium,G,VVS1,60.2,58.0,1925,5.2,5.24,3.14
14215,1.27,Premium,J,VVS1,60.1,58.0,5761,7.06,6.99,4.22
18840,1.4,Premium,I,VS1,61.6,59.0,7722,7.22,7.17,4.43
36654,0.4,Premium,E,VS2,61.2,60.0,949,4.79,4.68,2.9
32630,0.23,Good,F,VVS1,58.1,52.0,458,4.03,4.1,2.36
15932,1.01,Premium,G,VVS2,61.9,58.0,6371,6.48,6.38,3.98
9130,0.9,Fair,F,VS2,59.5,67.0,4536,6.29,6.24,3.73
9938,0.9,Very Good,D,SI1,62.4,61.0,4693,6.13,6.17,3.84
17983,1.2,Premium,E,SI1,60.9,57.0,7274,6.86,6.8,4.16
26174,2.0,Very Good,I,VS2,59.5,62.0,15510,8.13,8.21,4.86
28875,0.32,Ideal,J,IF,62.2,56.0,684,4.41,4.37,2.73
27875,0.3,Very Good,F,VS1,61.5,56.0,654,4.31,4.34,2.66
19352,0.31,Ideal,E,VS2,61.8,56.0,622,4.35,4.37,2.69
28525,0.41,Ideal,J,VS1,61.6,55.1,674,4.75,4.8,2.95
36329,0.32,Premium,G,VVS2,62.0,55.0,936,4.42,4.39,2.73
3678,0.7,Good,F,VVS2,62.5,58.0,3445,5.68,5.75,3.57
33575,0.3,Very Good,F,VVS1,62.2,56.0,832,4.28,4.3,2.67
11158,1.02,Ideal,D,SI2,61.4,56.0,4946,6.42,6.57,3.99
6783,0.82,Ideal,D,SI1,61.9,56.0,4113,5.99,6.02,3.72
26310,2.02,Premium,I,VS2,62.9,59.0,15808,8.03,7.93,5.02
11815,1.07,Premium,G,SI1,61.0,58.0,5091,6.66,6.59,4.04
6455,1.23,Good,D,I1,63.7,58.0,4050,6.79,6.72,4.3
995,0.76,Premium,E,SI1,61.1,58.0,2897,5.91,5.85,3.59
26253,2.18,Ideal,I,SI2,62.5,55.0,15706,8.31,8.34,5.2
7786,0.72,Ideal,E,VVS2,62.1,56.0,4285,5.72,5.77,3.57
1730,0.32,Very Good,H,VS1,61.7,58.0,561,4.37,4.41,2.71
14574,1.03,Premium,H,VS1,62.4,60.0,5883,6.48,6.43,4.03
14515,1.14,Ideal,I,VS1,61.7,53.0,5863,6.75,6.77,4.17
20805,1.08,Ideal,G,IF,61.3,57.0,9035,6.62,6.59,4.05
2317,0.72,Ideal,H,VS1,61.8,55.0,3167,5.78,5.81,3.58
41513,0.44,Ideal,G,VVS1,61.6,56.0,1235,4.88,4.9,3.01
31165,0.41,Ideal,E,SI1,62.7,57.0,755,4.74,4.77,2.98
47584,0.7,Very Good,I,SI2,58.8,60.0,1876,5.8,5.83,3.42
12066,1.04,Premium,H,SI1,61.6,58.0,5154,6.53,6.48,4.01
19387,1.2,Premium,G,VS1,62.4,59.0,8056,6.73,6.69,4.19
30715,0.33,Ideal,F,VS1,61.6,55.0,738,4.46,4.47,2.76
34008,0.3,Ideal,D,VS1,62.0,54.0,848,4.34,4.3,2.68
42188,0.5,Good,G,SI1,62.5,64.0,1286,4.99,4.93,3.1
20597,1.21,Good,E,VS1,61.7,58.0,8902,6.73,6.78,4.17
29995,0.43,Ideal,H,SI1,62.5,57.0,716,4.79,4.84,3.01
14134,1.01,Very Good,D,SI1,62.9,58.0,5731,6.33,6.38,4.0
18995,1.09,Ideal,G,VS1,62.3,55.0,7820,6.59,6.63,4.12
29785,0.3,Premium,D,SI1,59.7,59.0,709,4.37,4.34,2.6
51233,0.7,Ideal,G,SI1,62.7,57.0,2352,5.69,5.64,3.55
34302,0.4,Very Good,E,VS2,62.9,59.0,858,4.7,4.75,2.97
36425,0.31,Ideal,D,VS2,61.2,55.0,942,4.42,4.37,2.69
1489,0.76,Ideal,I,IF,61.6,55.0,2988,5.92,5.89,3.64
35716,0.3,Ideal,D,VS2,60.8,57.0,911,4.34,4.31,2.63
19835,1.0,Premium,F,VVS2,61.2,60.0,8400,6.43,6.38,3.92
39476,0.41,Premium,E,VS1,62.0,60.0,1079,4.74,4.78,2.95
33779,0.32,Ideal,D,VS2,61.8,55.0,842,4.43,4.41,2.73
12467,1.06,Ideal,E,SI1,59.6,54.0,5250,6.64,6.62,3.95
8286,1.0,Very Good,F,SI2,62.2,55.0,4383,6.39,6.44,3.99
12729,1.5,Good,F,I1,60.6,62.0,5313,7.22,7.24,4.38
31964,0.26,Very Good,E,VS2,62.1,56.0,452,4.11,4.13,2.56
49443,0.7,Ideal,H,SI2,62.1,55.0,2110,5.69,5.72,3.54
36186,0.32,Very Good,E,VVS1,60.9,58.0,931,4.49,4.45,2.72
49422,0.77,Ideal,F,SI2,62.0,56.0,2107,5.92,5.86,3.65
1482,0.82,Ideal,I,VS1,61.6,57.0,2986,6.0,6.05,3.71
20000,1.5,Very Good,E,SI2,62.8,57.0,8538,7.17,7.23,4.52
47490,0.72,Ideal,J,SI1,62.3,56.0,1864,5.75,5.78,3.59
12926,1.01,Good,F,SI1,62.4,59.0,5378,6.29,6.33,3.94
45433,0.57,Ideal,E,SI1,60.8,55.0,1670,5.39,5.41,3.28
29833,0.31,Ideal,G,VVS1,61.3,60.0,710,4.33,4.38,2.67
47863,0.67,Premium,E,SI1,59.2,61.0,1910,5.74,5.72,3.39
16232,1.22,Premium,G,SI1,60.7,59.0,6492,6.92,6.96,4.21
40479,0.53,Good,E,SI2,63.4,56.0,1141,5.16,5.18,3.28
6272,0.71,Very Good,D,VVS2,61.7,58.0,4014,5.71,5.74,3.53
8579,1.04,Premium,E,SI2,60.1,60.0,4436,6.53,6.51,3.92
48515,0.58,Ideal,G,VS1,62.6,54.0,1984,5.34,5.3,3.33
4047,0.7,Ideal,D,VS1,62.8,54.0,3529,5.65,5.69,3.56
19944,1.5,Premium,H,SI2,62.3,60.0,8490,7.22,7.3,4.52
24933,2.01,Fair,F,SI1,58.6,95.0,13387,8.32,8.31,4.87
14039,1.02,Good,G,VS1,57.3,59.0,5706,6.71,6.65,3.83
27360,1.51,Premium,D,VS1,63.0,52.0,17936,7.37,7.3,4.62
43260,0.55,Good,F,SI1,64.3,57.9,1400,5.16,5.21,3.33
7337,0.85,Very Good,D,VS2,61.8,56.0,4211,6.06,6.08,3.75
34104,0.36,Ideal,D,VS2,60.6,57.0,852,4.57,4.61,2.78
53150,0.74,Ideal,F,SI2,61.9,56.0,2623,5.81,5.85,3.61
52193,0.72,Very Good,E,SI1,60.0,57.0,2479,5.8,5.84,3.49
1334,0.74,Ideal,G,VS1,61.8,55.0,2960,5.85,5.8,3.6
25900,2.48,Fair,I,SI2,56.7,66.0,15030,8.88,8.64,4.99
25108,2.02,Premium,I,SI2,61.4,57.0,13642,8.18,8.08,4.99
4273,0.79,Premium,E,VS1,62.6,56.0,3583,5.92,5.87,3.69
52827,0.7,Very Good,F,SI1,59.4,59.0,2573,5.75,5.8,3.43
37684,0.38,Ideal,G,VVS1,61.9,56.0,993,4.67,4.7,2.9
25811,1.8,Ideal,F,SI1,61.9,56.0,14814,7.78,7.87,4.84
25828,1.18,Ideal,E,IF,61.1,56.0,14847,6.78,6.91,4.18
24415,2.23,Very Good,J,SI2,60.5,61.0,12655,8.4,8.47,5.1
4513,1.02,Fair,F,SI2,66.6,58.0,3633,6.21,6.14,4.11
3955,0.7,Ideal,E,VS2,60.8,56.0,3504,5.74,5.78,3.5
52164,0.72,Very Good,E,SI1,62.6,59.0,2474,5.66,5.71,3.56
46030,0.57,Ideal,G,VS2,61.8,56.0,1728,5.35,5.3,3.29
6630,0.92,Good,D,SI1,63.6,57.0,4086,6.14,6.09,3.89
15144,1.35,Very Good,H,SI2,62.2,56.0,6088,7.02,7.06,4.38
33174,0.43,Ideal,G,SI1,61.7,55.0,818,4.89,4.87,3.01
23180,1.5,Premium,H,VS1,59.9,60.0,11189,7.44,7.39,4.44
32859,0.4,Premium,H,VS1,62.6,58.0,807,4.68,4.71,2.94
20019,0.32,Premium,G,SI2,61.0,59.0,421,4.36,4.42,2.68
44290,0.52,Very Good,I,VVS1,63.1,58.0,1577,5.13,5.1,3.23
42716,0.54,Ideal,E,SI2,60.7,56.0,1340,5.3,5.25,3.2
23857,2.1,Fair,G,SI2,61.4,66.0,11946,8.26,8.19,5.05
23342,0.3,Very Good,H,SI1,63.0,54.0,421,4.27,4.3,2.7
16530,1.05,Ideal,G,VS2,61.9,56.0,6604,6.56,6.52,4.05
29226,0.31,Ideal,G,VS1,62.7,57.0,695,4.34,4.31,2.71
50648,0.31,Good,E,SI1,63.6,57.0,544,4.28,4.3,2.73
43051,0.52,Premium,D,SI1,60.7,58.0,1376,5.23,5.18,3.16
25857,2.07,Ideal,H,SI1,60.6,56.0,14935,8.38,8.3,5.05
16682,0.29,Ideal,G,SI1,62.1,54.0,420,4.25,4.29,2.65
3427,0.79,Ideal,E,SI1,62.0,57.0,3384,5.92,5.96,3.68
10845,1.16,Premium,I,SI1,60.0,58.0,4872,6.82,6.78,4.08
32143,0.32,Ideal,G,VVS1,61.8,56.0,786,4.39,4.41,2.72
20070,0.31,Ideal,G,VS1,62.1,55.0,625,4.33,4.36,2.7
29231,0.32,Very Good,F,VS1,61.3,55.0,696,4.41,4.44,2.71
5130,0.91,Good,D,SI2,64.7,57.0,3763,6.02,6.04,3.9
53365,0.77,Premium,G,SI1,62.7,57.0,2657,5.85,5.79,3.65
34399,0.36,Ideal,E,VS1,62.0,54.2,863,4.55,4.58,2.83
1595,0.8,Ideal,D,SI1,62.2,57.0,3011,5.89,5.85,3.65
24210,1.72,Very Good,I,VVS2,62.7,58.0,12396,7.54,7.6,4.75
19499,1.23,Ideal,G,VS2,61.5,54.0,8133,6.92,6.89,4.25
53046,0.71,Very Good,E,SI1,61.7,61.0,2606,5.74,5.76,3.55
44132,0.46,Ideal,G,IF,60.9,57.0,1560,4.98,5.01,3.04
44184,0.5,Very Good,H,VVS2,62.9,56.0,1569,5.03,5.08,3.18
15537,1.5,Good,I,SI1,63.8,56.0,6224,7.26,7.15,4.59
15953,1.0,Very Good,F,VS2,63.3,55.0,6382,6.34,6.29,4.0
27270,2.11,Ideal,I,VS2,62.2,55.0,17712,8.2,8.26,5.12
5299,1.0,Good,F,SI2,63.4,60.0,3801,6.28,6.33,4.0
12070,1.02,Very Good,F,SI1,60.7,59.0,5155,6.49,6.55,3.96
37248,0.43,Good,D,VS2,59.9,61.0,976,4.84,4.88,2.91
15247,1.04,Premium,G,VS2,60.0,58.0,6122,6.62,6.54,3.95
7012,1.1,Ideal,J,SI2,60.9,56.0,4157,6.68,6.72,4.08
9377,0.32,Premium,D,SI1,60.4,58.0,589,4.44,4.47,2.69
25798,1.7,Good,G,VS1,63.9,58.0,14787,7.46,7.5,4.78
12981,1.11,Ideal,H,SI1,62.5,56.0,5395,6.65,6.63,4.15
42389,0.6,Good,F,SI2,62.0,62.0,1306,5.33,5.4,3.32
4199,1.01,Premium,J,SI2,62.5,62.0,3563,6.41,6.36,3.99
33939,0.34,Ideal,J,VS1,62.0,54.0,464,4.52,4.55,2.81
38680,0.3,Ideal,D,VVS2,61.5,55.0,1041,4.34,4.38,2.68
24852,1.51,Ideal,E,SI1,62.2,56.0,13254,7.31,7.36,4.56
16790,1.21,Ideal,I,VS1,61.5,56.0,6691,6.83,6.87,4.22
2524,0.7,Very Good,F,VVS1,63.3,62.0,3204,5.67,5.57,3.56
5665,0.91,Premium,H,VS1,59.2,62.0,3881,6.2,6.14,3.65
4796,1.2,Fair,H,SI2,65.6,57.0,3696,6.73,6.57,4.36
42830,0.59,Premium,G,SI1,59.8,58.0,1355,5.48,5.43,3.26
29014,0.34,Very Good,G,VS1,60.4,61.0,686,4.48,4.53,2.72
30539,0.31,Very Good,D,VS2,62.9,55.0,734,4.31,4.34,2.72
23723,0.25,Very Good,F,VVS1,61.8,55.0,633,4.06,4.09,2.52
24758,1.13,Very Good,D,VVS2,61.5,58.0,13111,6.64,6.67,4.09
28754,0.31,Ideal,E,VS2,61.4,54.0,680,4.38,4.41,2.7
11895,1.2,Very Good,G,SI2,59.7,59.0,5116,6.89,6.94,4.13
14064,0.3,Good,G,VS1,63.4,58.0,605,4.23,4.25,2.69
35814,0.31,Ideal,F,IF,62.3,54.0,914,4.33,4.37,2.71
52564,0.7,Premium,I,VVS1,61.2,59.0,2536,5.69,5.65,3.47
27129,1.7,Premium,E,VS2,62.9,58.0,17323,7.57,7.54,4.75
16545,1.0,Premium,F,VS2,62.7,58.0,6608,6.4,6.33,3.99
27817,0.34,Ideal,G,SI1,61.2,57.0,650,4.56,4.53,2.78
15465,1.2,Very Good,I,VS1,62.6,59.0,6192,6.69,6.73,4.2
36902,0.37,Ideal,F,VVS1,61.3,55.0,960,4.62,4.65,2.84
18504,1.53,Premium,I,SI2,62.1,59.0,7539,7.35,7.37,4.57
33216,0.31,Ideal,F,IF,62.3,57.0,821,4.25,4.29,2.66
37013,0.33,Very Good,G,VVS2,60.0,63.0,965,4.49,4.45,2.68
53605,0.81,Very Good,I,SI1,60.3,58.0,2701,6.0,6.04,3.63
45313,0.3,Ideal,G,VS1,61.1,56.0,524,4.35,4.36,2.66
46556,0.51,Ideal,E,VS2,62.2,57.0,1781,5.11,5.08,3.17
31017,0.31,Very Good,G,VVS1,61.5,55.0,749,4.36,4.4,2.69
2528,0.7,Very Good,F,VVS2,60.5,60.0,3205,5.7,5.73,3.46
31787,0.42,Ideal,H,VS2,62.5,57.0,773,4.76,4.81,2.99
18296,1.42,Good,H,SI2,61.8,61.0,7437,7.01,7.09,4.36
12099,1.16,Premium,F,SI2,62.1,59.0,5164,6.76,6.71,4.18
41570,0.55,Very Good,E,SI2,62.5,54.0,1238,5.21,5.25,3.27
7314,1.0,Very Good,G,SI2,62.8,57.0,4207,6.31,6.37,3.98
28555,0.3,Premium,H,VS1,60.1,61.0,675,4.32,4.3,2.59
41457,0.52,Premium,E,SI2,61.8,54.0,1229,5.18,5.15,3.19
42711,0.56,Ideal,F,SI1,61.4,57.0,1340,5.28,5.3,3.25
3173,0.72,Very Good,F,VVS2,63.4,56.0,3338,5.68,5.71,3.61
50856,0.7,Very Good,E,SI1,60.3,60.0,2312,5.77,5.81,3.49
26594,1.74,Ideal,G,VS2,61.7,56.0,16316,7.72,7.68,4.75
17216,1.0,Very Good,F,VS1,62.1,60.0,6883,6.33,6.42,3.96
34945,0.24,Good,E,VS2,63.0,59.0,378,3.96,4.01,2.51
30175,0.38,Ideal,G,VS2,59.5,58.0,721,4.75,4.77,2.83
19718,1.5,Very Good,E,SI2,62.2,58.0,8291,7.31,7.35,4.56
39991,0.41,Ideal,F,VS2,60.8,56.0,1107,4.81,4.8,2.92
30598,0.31,Ideal,D,VS2,60.7,56.0,734,4.35,4.38,2.65
40795,0.46,Good,F,VS1,61.6,62.2,1168,4.84,5.0,3.04
7672,1.0,Very Good,H,SI2,59.7,58.0,4273,6.48,6.55,3.89
18054,0.3,Ideal,I,IF,62.0,57.0,615,4.28,4.3,2.66
41545,0.5,Good,D,SI1,64.1,56.0,1235,5.03,4.98,3.21
5881,1.01,Good,H,SI2,65.7,60.0,3926,6.17,6.19,4.06
36328,0.32,Premium,G,VVS2,60.9,61.0,936,4.41,4.39,2.68
43839,0.62,Very Good,H,SI1,60.1,61.0,1446,5.55,5.59,3.35
50240,0.71,Ideal,G,SI1,60.6,57.0,2233,5.72,5.8,3.49
36290,0.32,Ideal,G,SI1,61.3,57.0,477,4.37,4.4,2.69
1365,0.9,Fair,J,VS1,64.6,58.0,2964,6.12,6.06,3.93
11998,1.06,Ideal,E,SI2,60.9,57.0,5147,6.58,6.62,4.02
36246,0.41,Ideal,E,VS2,61.8,57.0,935,4.76,4.78,2.95
5591,1.17,Good,D,SI2,57.4,59.0,3866,7.02,6.95,4.01
7242,0.73,Ideal,D,VS1,61.5,58.0,4196,5.76,5.79,3.55
11299,1.14,Premium,H,SI1,59.2,58.0,4980,6.86,6.8,4.04
36831,0.3,Ideal,E,IF,61.3,58.0,957,4.28,4.33,2.64
52755,0.73,Ideal,I,VVS1,61.7,57.0,2561,5.83,5.78,3.58
48642,0.31,Premium,I,SI1,62.8,60.0,537,4.31,4.29,2.7
1026,0.72,Premium,E,VS2,61.1,59.0,2903,5.8,5.75,3.53
20667,1.51,Very Good,I,VS2,63.0,60.0,8952,7.25,7.3,4.58
17400,0.32,Ideal,G,SI1,61.6,57.0,612,4.42,4.38,2.71
45546,0.51,Premium,D,SI1,61.0,60.0,1687,5.18,5.15,3.15
51143,0.7,Premium,E,SI2,61.8,60.0,2342,5.65,5.61,3.48
12687,1.66,Premium,I,SI2,60.0,59.0,5310,7.63,7.56,4.56
3272,1.0,Very Good,I,SI2,58.3,63.0,3360,6.53,6.5,3.8
46001,0.55,Very Good,E,VS2,61.2,57.0,1725,5.22,5.27,3.21
4670,1.01,Good,D,SI2,63.8,61.0,3671,6.13,6.06,3.89
41013,0.5,Ideal,E,SI2,61.1,58.0,1185,5.09,5.13,3.12
43134,0.58,Good,F,SI1,63.1,57.0,1388,5.29,5.33,3.35
26224,2.18,Ideal,I,SI1,61.2,56.0,15646,8.39,8.51,5.17
43891,0.34,Ideal,H,SI1,61.1,56.0,508,4.52,4.55,2.77
6498,0.89,Ideal,G,VVS2,61.7,55.0,4062,6.22,6.19,3.83
32726,0.31,Ideal,F,VS2,62.3,55.0,802,4.33,4.3,2.69
32614,0.3,Good,G,VS2,63.5,58.0,456,4.24,4.29,2.71
9440,0.9,Very Good,H,VS1,62.3,59.0,4592,6.12,6.17,3.83
21157,1.76,Fair,J,VS1,56.9,66.0,9314,8.09,7.94,4.56
12306,1.09,Ideal,H,SI1,61.1,57.0,5219,6.69,6.6,4.1
41266,0.31,Ideal,I,VS1,61.9,53.9,502,4.35,4.38,2.7
49635,0.32,Premium,I,SI1,59.9,61.0,540,4.47,4.44,2.67
1260,0.74,Ideal,I,VS1,62.0,56.0,2947,5.79,5.82,3.6
13363,0.24,Very Good,F,VS2,59.6,58.0,419,4.08,4.11,2.44
15231,1.5,Very Good,I,SI2,63.2,52.0,6115,7.28,7.24,4.59
44951,0.5,Very Good,D,VS2,62.8,58.0,1635,5.0,5.03,3.15
43479,0.5,Premium,E,VS2,60.1,61.0,1420,5.2,5.15,3.11
5808,0.9,Very Good,G,VS2,59.0,58.0,3910,6.25,6.29,3.7
8140,0.97,Good,I,VS2,64.5,61.0,4355,6.16,6.21,3.99
36236,0.38,Ideal,E,VS1,60.7,56.0,933,4.7,4.72,2.86
9021,1.0,Premium,H,VS2,58.9,56.0,4514,6.53,6.51,3.84
1908,1.0,Premium,H,SI2,59.4,60.0,3080,6.49,6.4,3.83
24393,1.51,Ideal,G,VS2,61.8,55.0,12626,7.43,7.39,4.58
10022,0.34,Ideal,D,I1,61.4,55.0,413,4.5,4.52,2.77
16126,1.0,Good,E,VS2,60.6,65.0,6445,6.29,6.36,3.83
45457,0.5,Ideal,E,VS1,61.9,55.0,1675,5.08,5.13,3.16
7424,0.92,Very Good,H,VS1,61.0,62.0,4228,6.26,6.32,3.84
36099,0.32,Ideal,F,VVS1,61.4,56.0,926,4.38,4.42,2.7
25635,1.51,Ideal,G,VS1,60.6,57.0,14507,7.48,7.38,4.5
21360,1.28,Premium,G,VS1,60.9,58.0,9505,7.09,7.01,4.29
45123,0.52,Premium,D,SI1,61.5,55.0,1651,5.21,5.19,3.2
9591,1.09,Very Good,F,SI2,58.6,63.0,4629,6.73,6.78,3.96
4786,1.0,Good,E,SI2,57.7,65.0,3696,6.55,6.59,3.79
26279,2.0,Fair,H,SI1,65.6,58.0,15762,7.92,7.76,5.15
13869,1.23,Premium,H,SI2,62.1,61.0,5648,6.86,6.79,4.24
8350,1.02,Very Good,E,SI2,59.6,59.0,4398,6.54,6.59,3.91
47763,0.5,Ideal,D,VS2,61.8,56.0,1893,5.11,5.14,3.16
9040,0.31,Ideal,G,VS1,60.6,58.0,587,4.39,4.42,2.67
45156,0.5,Ideal,D,SI1,60.8,56.0,1654,5.14,5.12,3.12
30066,0.32,Ideal,D,VS1,61.4,56.0,720,4.38,4.41,2.7
18553,1.24,Good,E,SI1,63.5,55.0,7563,6.82,6.86,4.35
8368,0.9,Very Good,F,VS2,63.4,58.0,4400,6.07,6.11,3.86
7543,1.01,Very Good,E,SI2,63.3,58.0,4244,6.36,6.3,4.01
26059,2.02,Good,F,SI2,61.9,61.0,15261,8.06,8.02,4.98
32408,0.41,Ideal,D,SI1,62.6,57.0,791,4.74,4.78,2.98
33356,0.41,Premium,G,VS2,62.6,59.0,827,4.73,4.76,2.97
39339,0.49,Premium,G,SI1,62.4,58.0,1072,5.05,4.99,3.13
2669,0.72,Very Good,F,VS2,61.6,58.0,3238,5.75,5.78,3.55
9658,1.01,Premium,H,SI1,61.2,58.0,4642,6.47,6.43,3.95
51959,0.56,Ideal,G,IF,62.0,56.0,2442,5.3,5.32,3.29
22260,1.14,Ideal,G,IF,61.1,57.0,10313,6.7,6.76,4.11
8988,1.36,Premium,G,I1,62.1,57.0,4509,7.11,7.06,4.4
48507,0.7,Premium,H,SI2,61.7,58.0,1982,5.72,5.69,3.52
18537,1.51,Premium,J,VS2,59.2,59.0,7553,7.53,7.47,4.44
45159,0.5,Premium,D,SI1,61.2,60.0,1654,5.14,5.09,3.13
4031,0.9,Very Good,E,SI2,63.2,59.0,3526,6.1,6.15,3.87
192,0.7,Ideal,E,VS2,62.1,55.0,2777,5.7,5.67,3.53
43371,0.58,Ideal,F,SI1,61.4,57.0,1408,5.33,5.38,3.29
22485,1.51,Good,F,SI1,64.2,57.0,10514,7.09,7.2,4.59
37216,0.34,Ideal,G,IF,60.7,57.0,974,4.51,4.55,2.75
4078,0.31,Good,D,SI1,63.1,57.0,571,4.3,4.32,2.72
34024,0.35,Ideal,G,VVS1,61.7,55.0,849,4.54,4.57,2.81
41093,0.42,Very Good,H,VVS1,62.2,56.0,1193,4.78,4.81,2.98
42399,0.51,Premium,F,SI1,59.4,60.0,1308,5.19,5.21,3.09
15914,1.19,Premium,H,VS2,61.0,59.0,6363,6.91,6.8,4.18
39102,0.41,Ideal,I,VVS2,62.3,56.0,1061,4.77,4.73,2.96
53874,0.8,Very Good,F,SI1,61.6,59.0,2745,5.9,5.96,3.65
33774,0.48,Ideal,I,SI1,62.5,54.0,841,5.04,5.07,3.16
11659,1.07,Premium,H,SI1,62.2,57.0,5055,6.57,6.48,4.06
52948,0.7,Very Good,E,VS2,62.5,57.0,2593,5.64,5.68,3.54
47572,0.51,Ideal,G,VVS2,61.1,56.0,1875,5.15,5.19,3.16
40319,0.5,Premium,F,SI2,59.9,60.0,1125,5.22,5.16,3.11
19321,1.2,Very Good,G,VS2,63.5,57.0,8032,6.76,6.66,4.26
43339,0.56,Ideal,I,VS1,60.5,55.0,1406,5.33,5.39,3.24
30056,0.41,Premium,G,SI1,61.3,58.0,719,4.76,4.8,2.93
45331,0.51,Very Good,E,VS2,63.5,56.0,1662,5.08,5.06,3.22
37981,0.51,Very Good,H,SI1,61.2,55.0,1008,5.19,5.21,3.18
5809,0.91,Very Good,D,SI2,60.8,58.0,3910,6.26,6.31,3.82
38287,0.28,Very Good,F,VS1,61.0,59.0,487,4.18,4.24,2.57
21902,1.53,Very Good,G,SI1,62.5,56.0,9971,7.32,7.36,4.59
19237,1.17,Good,G,VS1,60.0,64.0,7972,6.82,6.77,4.08
32297,0.25,Ideal,G,VS1,62.5,55.0,454,4.0,4.02,2.51
46049,0.5,Ideal,F,VS1,61.0,56.0,1731,5.14,5.15,3.14
35935,0.37,Ideal,F,VVS2,61.6,57.0,920,4.59,4.63,2.84
29992,0.32,Ideal,F,VS1,61.0,56.0,716,4.45,4.48,2.72
18241,1.14,Ideal,H,VS2,61.1,57.0,7409,6.71,6.78,4.12
28058,0.38,Ideal,F,SI1,62.2,54.0,660,4.64,4.66,2.89
29823,0.35,Good,H,VS2,63.7,57.0,709,4.53,4.48,2.87
34090,0.41,Very Good,F,SI1,63.4,58.0,852,4.75,4.68,2.99
33195,0.3,Premium,H,VVS1,61.1,61.0,819,4.3,4.27,2.62
44220,0.57,Ideal,F,SI1,61.6,57.0,1571,5.37,5.34,3.3
32837,0.44,Ideal,I,VS1,61.1,56.0,807,4.92,4.96,3.02
36539,0.4,Premium,H,VS2,59.1,61.0,945,4.84,4.81,2.85
40775,0.42,Very Good,E,VVS2,62.1,56.0,1167,4.79,4.82,2.98
1317,0.72,Ideal,H,VVS1,62.0,55.0,2958,5.74,5.77,3.57
44638,0.41,Ideal,E,VVS1,61.1,56.0,1608,4.8,4.82,2.94
48575,0.53,Ideal,G,VVS2,61.7,54.5,1993,5.2,5.26,3.23
15114,1.01,Very Good,F,SI1,62.9,57.0,6075,6.35,6.4,4.01
37436,0.33,Ideal,G,IF,62.2,56.0,984,4.43,4.45,2.76
28060,0.38,Ideal,E,SI1,62.1,55.0,660,4.64,4.67,2.89
16590,1.36,Premium,J,VS2,61.9,59.0,6626,7.09,7.06,4.38
25140,2.22,Premium,J,SI2,61.8,58.0,13703,8.42,8.31,5.17
37677,0.7,Fair,F,I1,70.8,56.0,992,5.38,5.33,3.79
45808,0.5,Ideal,H,VVS1,60.6,55.0,1710,5.13,5.17,3.12
21447,1.28,Ideal,D,SI1,61.5,55.0,9548,7.01,7.05,4.32
11357,0.99,Very Good,D,SI2,62.5,57.0,4993,6.3,6.34,3.95
44292,0.52,Premium,G,VS2,62.4,56.0,1577,5.19,5.16,3.23
18101,1.52,Very Good,F,SI2,63.1,60.0,7320,7.25,7.21,4.56
37681,0.42,Ideal,H,VS2,62.5,57.0,992,4.81,4.76,2.99
21851,1.3,Premium,F,VS2,60.4,59.0,9909,7.06,7.12,4.28
48872,0.51,Premium,G,VVS2,60.9,61.0,2035,5.17,5.11,3.13
6736,0.26,Ideal,I,VS1,61.6,54.0,578,4.08,4.12,2.53
13611,1.02,Ideal,H,VS1,62.2,56.0,5569,6.48,6.42,4.01
52694,0.7,Very Good,F,SI1,61.5,60.0,2553,5.65,5.7,3.49
13208,1.21,Very Good,I,SI1,60.6,56.0,5457,6.89,6.97,4.2
27581,1.6,Ideal,F,VS2,62.0,55.0,18421,7.49,7.54,4.66
10703,0.9,Good,H,VVS1,63.8,59.0,4847,6.09,6.13,3.9
20362,1.09,Ideal,G,VVS2,61.8,56.0,8753,6.58,6.62,4.08
7303,1.2,Premium,D,SI2,60.2,60.0,4203,6.94,6.81,4.14
41985,0.51,Ideal,D,SI2,61.1,56.0,1264,5.16,5.18,3.16
29304,0.3,Ideal,I,VS2,62.0,55.0,438,4.3,4.35,2.68
8479,1.01,Good,F,SI2,63.9,54.0,4416,6.33,6.44,4.08
52195,0.7,Premium,G,VS2,61.8,60.0,2479,5.66,5.63,3.49
38216,0.43,Premium,E,SI1,62.4,56.0,1016,4.83,4.79,3.0
22098,1.51,Premium,D,SI1,62.2,59.0,10122,7.34,7.29,4.55
27123,2.26,Ideal,H,SI2,62.2,56.0,17312,8.38,8.35,5.2
44417,0.58,Premium,F,VS2,62.2,55.0,1586,5.4,5.31,3.33
11793,0.9,Premium,F,VS1,62.7,58.0,5088,6.14,6.17,3.86
2908,0.52,Ideal,D,VVS2,61.5,55.0,3284,5.19,5.22,3.2
36315,0.32,Ideal,G,VVS2,61.1,55.0,936,4.45,4.42,2.71
20026,0.32,Good,F,SI2,63.8,55.0,421,4.34,4.35,2.77
28553,0.3,Premium,H,VS1,61.3,58.0,675,4.32,4.29,2.64
5153,1.01,Good,F,SI2,64.0,56.0,3768,6.25,6.32,4.02
2145,0.52,Ideal,E,VVS1,61.8,55.0,3125,5.2,5.19,3.21
44404,0.55,Ideal,H,SI1,61.4,56.0,1584,5.28,5.31,3.25
47147,0.66,Good,H,VS1,59.9,60.3,1832,5.61,5.67,3.37
25343,2.08,Premium,I,SI2,60.8,61.0,14047,8.24,8.21,5.0
1928,0.92,Premium,F,SI2,62.1,60.0,3083,6.21,6.26,3.87
35180,0.31,Ideal,G,IF,61.9,54.0,891,4.35,4.38,2.7
23803,1.5,Premium,D,SI1,61.0,61.0,11863,7.32,7.28,4.45
49522,0.72,Very Good,J,SI1,57.6,63.0,2123,5.89,5.95,3.41
30030,0.35,Premium,E,VS1,62.2,58.0,718,4.47,4.5,2.79
11807,1.01,Premium,H,SI1,62.3,58.0,5090,6.44,6.4,4.0
47753,0.54,Premium,D,VS2,60.9,58.0,1892,5.27,5.31,3.22
3800,1.0,Good,I,SI2,63.9,60.0,3465,6.26,6.3,4.01
10349,0.9,Ideal,E,VS2,62.7,56.0,4770,6.14,6.18,3.86
3388,0.31,Premium,I,SI1,61.5,59.0,408,4.35,4.37,2.68
43422,0.57,Premium,E,SI2,61.2,57.0,1414,5.35,5.31,3.26
48389,0.5,Good,G,VVS1,63.3,56.0,1966,5.07,5.1,3.22
4173,0.92,Premium,H,SI1,62.0,60.0,3555,6.27,6.21,3.87
22906,1.51,Very Good,G,SI1,61.5,54.0,10947,7.35,7.42,4.54
17348,1.12,Ideal,H,SI1,61.6,56.0,6962,6.64,6.68,4.11
2248,0.91,Good,G,SI2,62.5,60.0,3149,6.05,6.08,3.79
2392,0.32,Ideal,E,SI1,61.8,55.0,561,4.42,4.45,2.74
25978,2.1,Premium,G,SI2,62.6,56.0,15175,8.2,8.16,5.12
24438,2.12,Premium,H,SI2,62.3,58.0,12693,8.25,8.16,5.12
37316,0.38,Ideal,E,VS1,61.9,55.2,979,4.62,4.65,2.87
32767,0.34,Ideal,D,SI1,61.2,57.0,803,4.51,4.48,2.75
6238,0.75,Ideal,D,VS1,62.0,58.0,4007,5.77,5.84,3.6
50432,0.71,Ideal,F,SI1,62.5,57.0,2262,5.68,5.74,3.57
3831,1.0,Premium,H,SI2,61.0,60.0,3472,6.42,6.36,3.9
14375,0.3,Very Good,H,VVS2,61.0,61.0,605,4.3,4.32,2.63
41963,0.23,Very Good,E,VVS2,61.6,57.0,505,3.95,3.97,2.44
13974,1.23,Good,D,SI2,60.5,64.0,5689,6.94,6.88,4.18
53333,0.72,Very Good,E,SI2,59.7,59.0,2655,5.77,5.82,3.46
36621,0.24,Very Good,F,VVS2,62.1,58.0,478,3.96,4.03,2.48
25468,1.36,Very Good,D,VVS2,62.6,58.0,14236,7.06,7.21,4.47
9676,1.0,Premium,E,SI2,60.4,60.0,4648,6.49,6.46,3.91
25539,1.5,Very Good,G,VVS1,63.1,62.0,14361,7.25,7.23,4.57
36956,0.33,Ideal,I,VS2,61.4,56.0,480,4.45,4.48,2.74
33345,0.41,Premium,G,VS2,62.4,58.0,827,4.72,4.76,2.96
46440,0.54,Ideal,F,VS1,60.9,57.0,1772,5.21,5.26,3.19
35464,0.31,Ideal,F,IF,61.2,56.0,901,4.38,4.41,2.69
21259,1.5,Ideal,I,VS2,62.6,55.0,9408,7.39,7.31,4.6
25964,2.01,Premium,G,SI2,62.3,60.0,15147,8.04,7.97,4.99
45467,0.53,Ideal,E,VS2,61.8,56.0,1676,5.17,5.21,3.21
3664,0.76,Ideal,D,VS2,61.2,57.0,3443,5.89,5.91,3.61
3210,0.71,Premium,F,VVS1,58.1,58.0,3347,5.92,5.88,3.43
44873,0.52,Very Good,G,VS1,62.3,58.0,1629,5.14,5.17,3.21
12987,1.0,Very Good,E,SI1,63.2,57.0,5396,6.39,6.36,4.03
39007,0.4,Ideal,E,VVS2,61.6,56.0,1056,4.78,4.73,2.93
38449,0.35,Ideal,H,IF,60.9,57.0,1028,4.58,4.6,2.8
23019,0.4,Ideal,F,I1,63.3,60.0,630,4.68,4.64,2.95
13795,1.23,Premium,I,VS2,61.7,58.0,5622,6.87,6.85,4.23
4878,0.73,Ideal,E,VVS2,62.0,57.0,3714,5.79,5.73,3.57
51623,0.93,Premium,F,I1,61.3,59.0,2396,6.27,6.22,3.83
25831,2.07,Ideal,I,SI1,61.2,57.0,14857,8.12,8.23,5.0
14385,0.3,Ideal,H,VVS2,61.7,54.0,605,4.31,4.34,2.67
39179,0.35,Premium,D,VS2,61.9,58.0,1063,4.6,4.51,2.82
43405,0.52,Ideal,E,SI2,61.0,57.0,1412,5.18,5.21,3.17
6990,0.9,Premium,H,VS2,61.3,59.0,4155,6.19,6.24,3.81
20160,1.21,Ideal,G,VS1,62.6,56.0,8616,6.77,6.81,4.25
14836,1.25,Ideal,J,VVS2,61.1,57.0,5975,6.91,6.94,4.23
20980,1.52,Premium,E,SI2,60.8,60.0,9193,7.42,7.36,4.49
33082,0.3,Premium,E,VS1,61.4,59.0,814,4.32,4.28,2.64
48639,0.31,Premium,I,SI1,62.3,58.0,537,4.38,4.35,2.72
12897,0.81,Ideal,E,VVS2,62.2,53.7,5373,5.97,5.99,3.72
11068,0.34,Ideal,E,SI1,62.0,57.0,596,4.46,4.48,2.77
33519,0.33,Ideal,F,VVS1,62.0,59.0,829,4.42,4.45,2.75
10776,1.23,Premium,J,VS2,62.7,58.0,4856,6.81,6.77,4.26
29103,0.34,Premium,I,VS1,59.5,59.0,689,4.59,4.55,2.72
4766,0.72,Premium,F,VVS1,62.8,58.0,3689,5.75,5.68,3.59
29,0.23,Very Good,D,VS2,60.5,61.0,357,3.96,3.97,2.4
42087,0.42,Ideal,H,IF,61.9,56.0,1273,4.81,4.79,2.97
38095,0.42,Premium,F,VS2,60.1,61.0,1013,4.88,4.84,2.92
35979,0.42,Very Good,H,VVS2,62.4,57.0,921,4.78,4.83,3.0
44070,0.55,Ideal,E,SI1,60.6,56.0,1551,5.3,5.33,3.22
2835,0.78,Ideal,I,VVS2,62.4,56.0,3267,5.87,5.9,3.67
52772,0.8,Very Good,F,SI2,59.7,56.0,2564,6.05,6.11,3.63
30455,0.3,Ideal,F,VS1,62.6,57.0,731,4.34,4.29,2.7
28798,0.27,Very Good,F,VVS1,61.8,56.0,682,4.15,4.17,2.57
35708,0.3,Ideal,D,VS2,61.7,55.0,911,4.36,4.33,2.68
47224,0.51,Ideal,G,VVS1,60.8,56.0,1839,5.21,5.22,3.17
21838,1.1,Very Good,D,VS1,59.7,58.0,9901,6.69,6.72,4.0
2925,0.73,Very Good,G,VVS2,61.4,58.0,3288,5.83,5.86,3.59
11342,1.01,Good,F,SI1,60.5,64.0,4989,6.48,6.45,3.91
11364,1.1,Very Good,G,SI1,62.3,58.0,4997,6.55,6.61,4.1
11872,1.2,Premium,J,VS1,59.1,61.0,5107,7.0,6.94,4.12
23001,1.01,Ideal,D,VVS2,61.1,57.0,11057,6.49,6.47,3.96
26702,0.32,Ideal,F,VS2,61.6,55.0,645,4.4,4.43,2.72
22131,1.54,Premium,I,VS1,61.6,58.0,10164,7.39,7.42,4.56
1579,0.71,Ideal,G,SI1,61.9,56.0,3007,5.73,5.76,3.55
24822,1.63,Very Good,H,VVS1,59.1,58.0,13211,7.68,7.84,4.59
6354,0.9,Ideal,E,SI2,61.7,56.0,4034,6.21,6.26,3.85
44607,0.53,Premium,G,VS2,62.6,58.0,1607,5.18,5.11,3.22
14254,1.03,Premium,F,VS2,62.6,58.0,5774,6.45,6.4,4.02
2314,0.87,Fair,I,VS2,57.3,59.0,3166,6.29,6.44,3.65
23635,2.0,Fair,H,SI2,64.5,56.0,11655,7.93,7.86,5.09
52011,0.78,Good,F,SI2,62.7,61.0,2444,5.8,5.84,3.65
41947,0.35,Good,H,SI1,63.2,57.0,504,4.48,4.51,2.84
45464,0.55,Very Good,F,VS2,61.8,57.0,1676,5.23,5.28,3.25
3337,0.79,Ideal,E,VS2,59.3,57.0,3377,6.02,6.06,3.58
3397,0.32,Ideal,I,VVS2,62.0,54.9,567,4.36,4.39,2.71
8645,1.06,Ideal,H,SI2,62.8,57.0,4452,6.57,6.49,4.1
35079,0.3,Very Good,F,IF,62.1,57.0,886,4.26,4.3,2.66
27893,0.32,Ideal,I,IF,61.6,56.0,655,4.4,4.43,2.72
3886,1.01,Good,E,I1,61.5,65.0,3484,6.28,6.21,3.84
3396,0.32,Ideal,I,VVS2,62.2,54.5,567,4.38,4.42,2.74
34056,0.36,Premium,D,SI1,60.4,58.0,851,4.64,4.6,2.79
8621,1.05,Premium,F,SI1,61.8,58.0,4445,6.51,6.44,4.01
2082,1.01,Good,H,I1,63.2,58.0,3110,6.33,6.39,4.02
31760,0.4,Ideal,D,SI1,61.8,55.0,772,4.74,4.78,2.94
12045,0.4,Good,G,SI2,63.4,59.0,596,4.64,4.66,2.95
48356,0.56,Ideal,D,VS2,60.9,56.0,1963,5.32,5.35,3.25
36074,0.4,Very Good,D,SI1,63.1,61.0,924,4.71,4.67,2.96
32673,0.31,Ideal,G,VS1,62.1,55.0,802,4.36,4.33,2.7
5948,0.74,Very Good,F,VVS2,61.5,55.1,3948,5.82,5.85,3.59
21290,1.42,Premium,E,SI1,61.1,62.0,9447,7.2,7.17,4.39
15536,1.5,Premium,G,SI2,61.8,60.0,6224,7.28,7.25,4.49
24362,0.3,Ideal,H,VVS1,62.0,56.0,636,4.31,4.34,2.68
20728,0.31,Ideal,F,VS2,61.3,57.0,625,4.3,4.34,2.65
12932,1.14,Ideal,H,SI1,62.3,56.0,5382,6.69,6.77,4.19
1608,0.75,Ideal,H,SI1,61.9,56.0,3011,5.81,5.85,3.61
7608,0.84,Very Good,G,VVS2,60.4,55.0,4259,6.07,6.12,3.68
48979,0.36,Ideal,D,SI2,62.3,57.0,537,4.52,4.57,2.83
43162,0.42,Ideal,F,VVS1,61.3,56.0,1389,4.83,4.82,2.96
44197,0.51,Ideal,D,SI1,61.8,55.0,1569,5.14,5.18,3.19
27553,2.01,Good,H,VS1,57.6,63.0,18340,8.23,8.25,4.75
12256,1.16,Ideal,G,SI2,61.5,54.0,5206,6.75,6.78,4.16
3308,0.73,Ideal,E,VS1,62.3,56.0,3370,5.75,5.8,3.6
29753,0.45,Ideal,G,SI2,61.9,54.0,709,4.91,4.95,3.05
43581,0.41,Ideal,E,VVS1,61.3,57.0,1431,4.79,4.77,2.93
51057,0.7,Premium,H,SI1,59.0,60.0,2331,5.86,5.81,3.44
12601,1.0,Very Good,H,SI1,60.9,58.0,5287,6.43,6.46,3.93
45251,0.5,Fair,G,VVS2,66.1,62.0,1659,4.92,4.88,3.24
20174,1.02,Very Good,F,VVS2,59.4,59.0,8627,6.58,6.69,3.94
6557,0.9,Very Good,F,SI1,61.6,58.0,4074,6.12,6.26,3.81
35263,0.3,Good,G,IF,63.8,55.0,895,4.24,4.28,2.72
38091,0.36,Ideal,E,VS2,60.8,56.0,1013,4.64,4.6,2.81
30572,0.31,Ideal,D,VS2,61.2,55.0,734,4.35,4.38,2.67
5576,1.21,Fair,H,SI1,69.6,55.0,3862,6.49,6.42,4.49
21565,1.52,Very Good,I,SI1,62.0,58.0,9664,7.34,7.4,4.57
9298,1.06,Premium,G,SI2,61.5,58.0,4571,6.6,6.54,4.04
51748,0.71,Ideal,E,SI1,61.9,56.0,2404,5.76,5.71,3.55
46229,0.5,Ideal,D,VS2,62.5,54.0,1752,5.05,5.09,3.17
33344,0.41,Ideal,H,VS1,62.7,56.0,827,4.73,4.77,2.98
22827,1.23,Ideal,G,VS1,61.6,57.0,10859,6.84,6.9,4.23
6883,1.01,Ideal,H,SI2,60.1,60.0,4131,6.54,6.5,3.92
4070,0.31,Very Good,D,SI1,63.0,55.0,571,4.32,4.34,2.73
50446,0.6,Ideal,D,SI1,61.4,55.0,2263,5.45,5.47,3.35
473,1.0,Fair,H,SI2,65.3,62.0,2818,6.34,6.12,4.08
47725,0.54,Very Good,E,VS1,61.8,58.0,1889,5.23,5.28,3.25
8200,1.04,Premium,H,SI2,58.6,60.0,4368,6.67,6.63,3.9
51552,0.52,Ideal,G,IF,61.7,56.0,2387,5.19,5.15,3.19
32912,0.42,Premium,D,SI1,59.8,59.0,810,4.86,4.91,2.92
23586,1.28,Very Good,F,VVS2,62.0,57.0,11602,6.92,7.01,4.32
5270,1.02,Very Good,J,VS2,59.3,58.0,3796,6.56,6.62,3.91
2229,0.9,Fair,G,SI1,65.4,59.0,3145,6.04,6.0,3.94
49920,0.7,Very Good,G,SI1,63.3,61.0,2184,5.6,5.55,3.53
48028,0.57,Ideal,H,VS1,61.0,57.0,1922,5.37,5.34,3.26
42010,0.59,Premium,H,SI1,61.9,59.0,1265,5.43,5.34,3.33
39435,0.41,Ideal,D,VS2,61.9,56.0,1076,4.8,4.77,2.96
25000,1.5,Very Good,G,VS2,61.1,60.0,13528,7.4,7.3,4.49
6839,0.91,Premium,D,SI2,62.2,59.0,4123,6.19,6.23,3.86
20539,1.03,Ideal,F,VVS2,61.6,56.0,8860,6.53,6.46,4.0
17493,1.05,Ideal,G,VS1,61.3,57.0,7027,6.51,6.58,4.01
22756,2.01,Fair,H,SI2,66.7,56.0,10772,7.8,7.76,5.19
9425,1.01,Very Good,D,SI2,61.8,60.0,4588,6.37,6.41,3.95
20571,1.21,Premium,F,VS1,62.5,60.0,8879,6.77,6.7,4.21
34255,0.34,Ideal,F,VS2,61.4,55.0,856,4.54,4.52,2.78
15561,1.01,Very Good,G,VS1,60.5,60.0,6239,6.44,6.52,3.92
8513,1.16,Ideal,G,SI2,61.3,55.0,4425,6.79,6.84,4.18
875,0.84,Good,G,SI1,65.1,55.0,2872,5.88,5.97,3.86
22936,2.0,Premium,I,SI2,60.0,58.0,10976,8.23,8.17,4.92
26345,0.32,Ideal,G,VS1,61.8,55.0,645,4.42,4.45,2.74
553,0.53,Ideal,F,VVS1,60.9,57.0,2830,5.23,5.29,3.19
36777,0.3,Ideal,E,VVS1,60.6,57.0,956,4.35,4.33,2.63
22075,1.71,Ideal,I,SI2,62.1,58.0,10096,7.64,7.56,4.72
38691,0.37,Ideal,F,VS1,61.7,56.0,1041,4.63,4.61,2.85
13195,1.02,Premium,H,VS2,62.4,58.0,5454,6.43,6.39,4.0
20612,1.53,Premium,I,SI1,61.5,59.0,8911,7.39,7.32,4.52
46691,0.5,Very Good,G,VVS2,63.0,58.0,1791,4.98,5.02,3.15
38750,0.35,Ideal,G,IF,61.1,56.0,1044,4.54,4.59,2.79
19613,1.2,Very Good,F,VS2,61.1,58.0,8232,6.82,6.86,4.18
22170,1.12,Premium,F,VVS2,62.4,59.0,10211,6.66,6.58,4.13
12471,1.08,Premium,H,VS2,62.1,58.0,5250,6.63,6.51,4.08
6052,0.32,Ideal,I,VS2,63.0,56.0,576,4.42,4.38,2.77
44663,0.35,Ideal,D,SI2,62.4,55.0,522,4.53,4.54,2.83
39236,0.32,Ideal,D,VVS1,61.8,56.0,1067,4.39,4.41,2.72
4367,0.9,Very Good,F,SI2,63.4,59.0,3605,6.07,6.11,3.86
40974,0.4,Ideal,E,VS1,59.2,62.0,1180,4.8,4.83,2.85
22550,1.5,Very Good,H,VS1,63.4,56.0,10584,7.29,7.25,4.61
23143,1.51,Premium,H,VS1,61.0,60.0,11161,7.29,7.34,4.46
34001,0.42,Ideal,G,VS2,62.2,54.0,847,4.8,4.82,2.99
25739,2.32,Premium,J,SI2,59.0,59.0,14666,8.69,8.64,5.11
25609,1.73,Good,E,SI1,64.2,58.0,14479,7.54,7.5,4.83
46573,0.52,Ideal,G,VVS2,61.6,56.0,1784,5.15,5.18,3.18
42433,0.53,Ideal,H,VS2,62.5,56.0,1314,5.15,5.19,3.23
36900,0.41,Very Good,E,VS2,62.5,56.0,960,4.75,4.79,2.98
29194,0.38,Ideal,E,SI1,61.0,56.0,694,4.68,4.69,2.86
35196,0.31,Ideal,G,IF,61.2,56.0,891,4.36,4.4,2.68
26439,2.01,Good,G,SI2,63.6,59.0,15977,8.0,7.95,5.07
40537,0.51,Ideal,G,SI2,62.1,56.0,1148,5.1,5.13,3.18
1581,0.71,Ideal,G,SI1,61.4,56.0,3007,5.72,5.77,3.53
32194,0.35,Premium,H,VS1,61.7,59.0,788,4.53,4.51,2.79
3670,1.03,Premium,F,I1,62.3,59.0,3444,6.42,6.46,4.01
715,1.0,Fair,G,SI2,67.8,61.0,2856,5.96,5.9,4.02
29470,0.4,Very Good,G,SI1,62.7,59.0,702,4.67,4.71,2.94
43490,0.58,Ideal,H,SI1,60.2,57.0,1421,5.47,5.43,3.28
51492,0.71,Premium,F,SI1,61.6,60.0,2381,5.79,5.73,3.55
11948,1.01,Good,E,SI1,63.4,60.0,5132,6.3,6.34,4.01
22097,1.51,Very Good,G,SI1,63.3,60.0,10116,7.2,7.24,4.57
29721,0.31,Ideal,H,VVS1,61.5,56.0,707,4.34,4.38,2.68
38275,0.21,Premium,E,VS2,60.5,59.0,386,3.87,3.83,2.33
34310,0.29,Ideal,E,VVS1,62.7,55.0,858,4.22,4.2,2.64
6466,0.94,Fair,F,SI1,56.8,67.0,4053,6.56,6.44,3.69
25265,1.52,Good,G,VS1,64.0,58.0,13903,7.22,7.18,4.61
32546,0.27,Ideal,D,VVS2,62.6,56.0,799,4.15,4.13,2.59
34563,0.38,Very Good,D,VS2,58.8,61.0,871,4.72,4.77,2.79
39091,0.31,Ideal,F,IF,61.4,56.0,1061,4.38,4.41,2.7
30860,0.33,Ideal,G,VS2,62.2,56.0,743,4.47,4.44,2.77
39781,0.36,Ideal,D,VS2,61.7,55.0,1094,4.6,4.58,2.83
8558,1.01,Ideal,E,SI2,62.1,56.0,4434,6.43,6.39,3.98
2070,0.32,Premium,E,SI1,61.9,59.0,561,4.36,4.39,2.71
15837,1.01,Premium,E,VS2,62.9,58.0,6335,6.47,6.37,4.04
19617,1.23,Ideal,G,VS2,62.4,57.0,8233,6.88,6.83,4.28
48725,0.52,Ideal,G,VVS2,62.4,55.0,2012,5.19,5.17,3.23
31801,0.36,Ideal,D,VS2,62.5,55.0,773,4.55,4.57,2.85
41575,0.55,Ideal,I,VS1,62.2,55.0,1238,5.26,5.29,3.28
35557,0.35,Ideal,G,VS1,60.5,57.0,906,4.58,4.55,2.76
27110,2.16,Ideal,E,SI2,61.4,57.0,17263,8.36,8.33,5.12
30208,0.34,Ideal,E,SI1,60.4,57.0,723,4.53,4.55,2.74
13018,1.2,Very Good,I,SI1,60.0,60.0,5408,6.81,6.89,4.11
39273,0.31,Ideal,F,SI1,62.3,55.0,490,4.34,4.39,2.72
6188,0.77,Ideal,H,VS2,61.3,56.0,3996,5.91,5.94,3.63
41487,0.39,Premium,D,VVS2,61.1,60.0,1232,4.66,4.7,2.86
33369,0.41,Very Good,G,VS2,61.3,57.0,827,4.76,4.8,2.93
17841,1.02,Premium,F,VS1,60.5,56.0,7197,6.61,6.52,3.97
15593,1.05,Ideal,H,SI1,61.3,57.0,6255,6.51,6.54,4.0
13583,1.04,Very Good,D,SI1,63.4,55.0,5557,6.41,6.46,4.08
21047,0.31,Premium,F,VS2,61.4,58.0,625,4.36,4.4,2.69
27879,0.42,Ideal,I,SI1,62.3,54.0,654,4.82,4.84,3.01
47631,0.67,Good,I,VVS2,58.9,51.0,1882,5.74,5.78,3.4
47671,0.51,Ideal,D,VS2,61.5,57.0,1882,5.14,5.11,3.15
23998,1.56,Premium,E,VS2,61.5,58.0,12156,7.47,7.43,4.58
49518,0.57,Ideal,D,VS1,61.5,54.0,2122,5.36,5.38,3.3
20075,1.45,Premium,H,VS1,60.6,60.0,8550,7.27,7.16,4.37
1982,0.7,Ideal,E,VS2,62.0,57.0,3093,5.68,5.71,3.53
28731,0.31,Ideal,E,VS2,60.5,56.0,680,4.38,4.41,2.66
50654,0.31,Ideal,G,VS2,61.4,57.0,544,4.33,4.37,2.67
17305,1.22,Premium,H,VS2,62.4,58.0,6934,6.84,6.79,4.25
3334,0.71,Ideal,E,SI1,61.7,55.0,3376,5.73,5.77,3.55
6613,0.72,Ideal,D,VS2,61.0,55.0,4082,5.79,5.81,3.54
47561,0.71,Very Good,I,SI2,63.7,57.0,1875,5.64,5.67,3.6
24955,1.68,Ideal,H,VS2,61.3,56.0,13427,7.77,7.67,4.73
18636,1.01,Ideal,D,VS2,62.6,54.0,7602,6.46,6.42,4.03
4797,0.75,Ideal,D,VS1,62.4,54.0,3696,5.86,5.84,3.65
8169,0.9,Good,D,SI1,61.1,62.0,4362,6.2,6.24,3.8
8578,1.05,Very Good,F,SI2,62.1,58.0,4436,6.47,6.5,4.03
31102,0.3,Ideal,G,VVS1,62.1,58.0,753,4.26,4.28,2.65
42175,0.51,Ideal,F,SI2,61.4,56.0,1286,5.14,5.18,3.17
7212,0.9,Premium,H,VS2,61.7,59.0,4191,6.19,6.13,3.8
2130,0.72,Ideal,H,VS2,61.7,56.0,3122,5.74,5.77,3.56
17812,1.01,Very Good,G,VS1,60.9,55.0,7179,6.46,6.51,3.95
29480,0.32,Premium,E,VS2,60.5,58.0,702,4.44,4.48,2.7
33966,0.34,Ideal,F,VVS2,62.0,54.2,846,4.47,4.49,2.78
10184,1.22,Premium,I,SI2,61.7,59.0,4735,6.84,6.8,4.21
45529,0.54,Ideal,G,VS1,61.4,57.0,1684,5.23,5.2,3.2
25272,2.06,Premium,I,SI2,61.0,61.0,13912,8.18,8.1,5.02
27340,2.02,Premium,I,VS2,59.0,59.0,17893,8.34,8.27,4.9
32860,0.31,Very Good,F,VVS1,61.3,56.0,808,4.35,4.37,2.67
33732,0.39,Ideal,E,VS2,60.5,56.0,839,4.75,4.77,2.88
78,0.26,Very Good,D,VVS2,62.4,54.0,554,4.08,4.13,2.56
45237,0.52,Very Good,H,VS1,62.2,55.0,1659,5.15,5.18,3.21
31062,0.27,Premium,E,VVS2,61.8,59.0,752,4.18,4.14,2.57
52823,0.7,Ideal,F,SI1,61.4,57.0,2573,5.67,5.69,3.49
18891,1.3,Very Good,H,VS1,61.9,56.0,7747,6.97,7.05,4.34
40021,0.55,Ideal,I,SI2,60.4,56.0,1109,5.32,5.36,3.23
18643,1.11,Ideal,G,VS2,62.0,56.0,7608,6.65,6.62,4.12
11187,1.0,Ideal,D,SI2,61.5,56.0,4956,6.45,6.41,3.95
10507,1.02,Ideal,E,SI2,60.3,57.0,4798,6.53,6.5,3.95
1465,0.7,Ideal,E,VS2,62.2,55.0,2981,5.67,5.71,3.54
7007,1.06,Premium,I,SI1,62.9,60.0,4155,6.47,6.43,4.06
22606,1.79,Ideal,J,VS2,61.8,56.0,10658,7.74,7.85,4.82
36689,0.39,Premium,G,VS1,61.7,62.0,951,4.69,4.65,2.88
37747,0.31,Premium,F,VVS1,59.2,62.0,997,4.41,4.34,2.59
35552,0.35,Premium,H,VVS2,61.9,58.0,906,4.54,4.5,2.8
27275,1.52,Premium,D,VS1,61.0,59.0,17723,7.48,7.53,4.5
38153,0.75,Good,F,I1,64.0,59.0,1013,5.78,5.62,3.66
52767,0.53,Ideal,D,VVS2,62.2,56.0,2563,5.18,5.21,3.23
44591,0.53,Premium,H,VS1,60.5,57.0,1607,5.34,5.27,3.21
41278,0.41,Good,F,I1,63.8,57.0,503,4.69,4.72,3.0
9914,1.15,Premium,E,SI2,62.3,58.0,4688,6.73,6.67,4.18
39650,0.55,Very Good,I,SI2,61.5,60.0,1087,5.23,5.25,3.22
49984,0.6,Ideal,G,VVS2,61.2,56.0,2190,5.43,5.45,3.33
6395,0.92,Very Good,F,SI1,62.7,57.0,4037,6.14,6.2,3.87
48287,0.53,Ideal,E,VS2,62.3,57.0,1956,5.23,5.19,3.25
19370,0.4,Good,D,SI2,63.8,54.0,622,4.7,4.73,3.01
16134,1.0,Very Good,G,VS2,62.4,58.0,6449,6.31,6.38,3.96
26195,2.01,Fair,G,SI2,65.6,56.0,15562,7.89,7.84,6.16
30884,0.33,Ideal,E,SI1,62.4,56.0,743,4.43,4.41,2.76
12983,1.11,Premium,H,VS2,62.0,59.0,5395,6.66,6.59,4.11
863,0.79,Ideal,G,SI1,62.6,55.0,2871,5.91,5.95,3.71
19875,1.5,Very Good,J,VVS2,63.3,57.0,8427,7.28,7.25,4.6
17178,1.27,Ideal,H,SI1,60.1,58.0,6858,7.02,7.05,4.23
5686,1.01,Fair,J,VS2,59.6,62.0,3886,6.54,6.49,3.88
38427,0.41,Ideal,F,VVS2,61.4,55.7,1026,4.76,4.79,2.94
49009,0.53,Ideal,G,VVS2,62.2,54.0,2051,5.22,5.17,3.23
26108,2.24,Premium,I,SI2,61.9,58.0,15375,8.29,8.36,5.15
35436,0.32,Ideal,E,VS2,62.0,55.0,900,4.41,4.39,2.73
31556,0.38,Ideal,G,VS2,62.2,56.0,766,4.62,4.64,2.88
16874,1.01,Very Good,H,VVS1,60.6,56.0,6733,6.5,6.53,3.95
28611,0.3,Ideal,E,SI1,62.9,57.0,675,4.3,4.25,2.69
22607,1.53,Ideal,H,SI1,61.1,57.0,10659,7.45,7.44,4.55
1736,0.32,Very Good,G,VS2,62.6,58.0,561,4.37,4.39,2.74
9811,1.21,Premium,I,VS2,61.6,61.0,4669,6.86,6.8,4.21
6453,1.14,Very Good,F,I1,61.3,55.8,4050,6.74,6.76,4.13
11762,1.2,Premium,I,SI2,60.0,58.0,5080,6.93,6.91,4.15
17151,1.5,Good,H,SI2,60.8,64.0,6846,7.27,7.2,4.4
21610,1.52,Premium,H,VS2,60.6,61.0,9704,7.46,7.42,4.51
30260,0.4,Very Good,E,SI1,63.0,57.0,725,4.68,4.71,2.96
38520,0.34,Ideal,E,VS1,62.1,56.0,1033,4.5,4.48,2.79
26471,1.5,Very Good,F,VS2,59.1,59.0,16048,7.45,7.48,4.41
25254,1.61,Ideal,H,VS2,61.8,56.0,13873,7.48,7.52,4.63
27799,0.37,Ideal,G,VS2,60.8,57.0,649,4.61,4.66,2.82
50417,0.71,Ideal,H,SI2,59.4,57.0,2258,5.87,5.81,3.47
15874,1.26,Premium,H,SI2,61.3,57.0,6350,6.96,6.87,4.24
29483,0.32,Ideal,E,VS2,62.0,55.0,702,4.39,4.41,2.73
42408,0.52,Very Good,I,VS1,61.0,58.0,1310,5.18,5.22,3.17
8132,1.01,Premium,E,SI2,62.5,60.0,4355,6.39,6.42,4.0
39884,0.42,Ideal,G,VVS2,62.1,57.0,1103,4.8,4.77,2.97
20180,1.72,Very Good,I,SI2,63.4,57.0,8630,7.6,7.58,4.81
19228,1.34,Very Good,H,VS2,61.4,58.0,7965,7.13,7.07,4.36
46902,0.56,Premium,D,SI1,60.6,59.0,1814,5.36,5.34,3.24
37905,0.41,Ideal,G,VVS2,61.0,57.0,1007,4.78,4.8,2.92
35208,0.33,Ideal,I,IF,61.6,55.0,891,4.47,4.46,2.75
35061,0.35,Very Good,E,VS1,59.9,59.9,885,4.54,4.59,2.73
20016,0.3,Very Good,H,SI1,62.9,58.0,421,4.22,4.24,2.66
49588,0.7,Premium,E,SI2,62.0,55.0,2135,5.65,5.61,3.49
53882,0.72,Ideal,G,VS1,62.6,53.0,2746,5.76,5.78,3.61
39799,0.38,Ideal,D,VVS2,59.7,62.0,1096,4.71,4.74,2.82
38401,0.35,Premium,H,VVS1,61.2,60.0,1024,4.54,4.51,2.77
2671,0.91,Very Good,G,SI2,62.0,59.0,3238,6.19,6.22,3.85
45351,0.59,Ideal,E,SI1,61.4,56.0,1664,5.36,5.39,3.3
36806,0.3,Ideal,G,IF,62.8,57.0,956,4.32,4.28,2.7
41802,0.5,Very Good,F,SI1,62.7,59.0,1250,5.04,5.07,3.17
52484,1.01,Premium,H,I1,60.1,58.0,2520,6.49,6.44,3.89
10538,1.01,Good,E,SI2,58.5,61.0,4807,6.51,6.61,3.84
29138,0.32,Ideal,H,VVS1,62.7,55.0,692,4.37,4.4,2.75
18110,1.56,Premium,I,VS2,60.8,59.0,7326,7.56,7.51,4.58
21569,1.09,Ideal,F,VVS2,62.5,55.0,9668,6.52,6.6,4.1
51717,0.7,Good,F,SI1,61.6,65.0,2401,5.71,5.66,3.5
15419,1.38,Premium,J,VS2,60.2,59.0,6175,7.29,7.19,4.36
49103,0.55,Ideal,G,VVS2,60.8,56.9,2064,5.27,5.31,3.22
38715,0.52,Ideal,G,SI2,59.7,56.0,1042,5.28,5.31,3.16
28946,0.3,Good,G,VVS2,63.1,56.0,684,4.2,4.23,2.66
43359,0.58,Very Good,G,SI1,59.3,58.0,1408,5.41,5.52,3.24
7775,0.91,Ideal,E,SI1,62.3,57.0,4284,6.21,6.25,3.88
9552,1.0,Premium,E,SI2,61.2,60.0,4620,6.42,6.45,3.94
43881,0.59,Very Good,F,SI1,62.4,59.0,1452,5.33,5.37,3.34
29803,0.3,Premium,D,SI1,62.2,58.0,709,4.31,4.28,2.67
25177,1.54,Ideal,G,VS2,60.6,57.0,13761,7.55,7.49,4.56
38218,0.43,Ideal,E,SI1,61.5,56.0,1016,4.9,4.85,3.0
20594,1.72,Ideal,J,SI1,62.0,57.0,8900,7.66,7.62,4.74
1448,0.79,Ideal,F,SI1,62.5,57.0,2976,5.88,5.92,3.69
36173,0.32,Ideal,F,IF,61.6,56.0,929,4.43,4.47,2.74
5559,0.74,Ideal,D,VS2,61.8,56.0,3858,5.79,5.82,3.59
39360,0.52,Premium,F,SI2,62.7,57.0,1073,5.11,5.07,3.19
47462,0.53,Ideal,D,VS2,61.2,55.0,1857,5.21,5.25,3.2
22258,1.86,Ideal,J,VS2,62.6,56.0,10312,7.95,7.87,4.95
25310,2.0,Premium,G,SI2,61.1,60.0,13986,8.1,8.03,4.93
7684,1.03,Premium,H,SI1,63.0,59.0,4274,6.43,6.4,4.04
19914,1.28,Premium,G,VS2,61.4,58.0,8458,7.0,6.92,4.27
26199,1.02,Ideal,D,IF,63.0,57.0,15575,6.39,6.35,4.01
22107,1.66,Very Good,H,SI1,62.8,56.0,10134,7.53,7.57,4.74
50248,0.73,Ideal,I,SI1,62.0,56.0,2234,5.8,5.75,3.58
10470,1.04,Very Good,H,SI1,62.2,57.0,4791,6.42,6.48,4.01
21947,1.01,Very Good,F,VVS1,62.9,57.0,10019,6.35,6.41,4.01
34149,0.33,Ideal,H,VVS2,61.7,56.0,854,4.44,4.41,2.73
20442,1.51,Fair,G,VS2,56.0,65.0,8794,7.68,7.57,4.27
43588,0.56,Premium,H,VS2,62.2,60.0,1432,5.28,5.23,3.27
52395,0.7,Very Good,D,SI1,63.2,55.0,2509,5.62,5.65,3.56
53459,0.8,Ideal,I,SI1,62.6,56.1,2677,5.87,5.92,3.7
5463,1.0,Fair,G,SI1,68.9,56.0,3833,6.16,6.11,4.23
18096,1.42,Premium,H,SI2,61.6,58.0,7316,7.22,7.17,4.43
22270,1.51,Very Good,H,VS2,63.0,57.0,10319,7.25,7.3,4.58
18139,1.59,Very Good,I,SI2,61.9,58.0,7345,7.46,7.5,4.63
9946,1.01,Ideal,E,SI2,62.0,56.0,4694,6.46,6.42,3.99
7312,1.13,Very Good,J,VS2,62.0,59.0,4206,6.62,6.66,4.12
362,0.81,Very Good,G,SI1,62.5,60.0,2806,5.89,5.94,3.69
24236,1.51,Ideal,H,IF,62.7,56.0,12437,7.26,7.38,4.59
5749,0.76,Premium,D,VS1,60.6,58.0,3894,5.95,5.89,3.59
48079,0.6,Ideal,G,VS2,61.1,55.0,1930,5.46,5.48,3.34
23211,1.26,Ideal,G,VVS1,61.7,56.0,11218,6.96,6.98,4.3
52236,0.57,Very Good,E,VVS2,60.0,61.0,2485,5.36,5.44,3.24
40491,0.42,Ideal,F,VVS2,61.1,57.0,1142,4.82,4.84,2.95
4834,0.92,Very Good,D,SI2,63.7,57.0,3707,6.12,6.21,3.93
25718,2.17,Very Good,H,SI2,58.8,62.0,14625,8.48,8.53,5.0
51872,0.52,Ideal,F,IF,60.3,60.0,2427,5.24,5.27,3.17
35510,0.41,Very Good,E,SI1,63.1,57.0,904,4.78,4.73,3.0
24382,0.32,Premium,F,SI1,60.7,62.0,638,4.43,4.4,2.68
10437,1.2,Very Good,I,SI1,61.7,56.0,4785,6.82,6.76,4.19
3906,0.72,Ideal,G,VVS1,62.2,54.4,3492,5.73,5.76,3.57
27547,2.05,Premium,H,VS2,61.8,60.0,18318,8.19,8.14,5.05
49628,0.3,Premium,E,SI2,61.9,58.0,540,4.31,4.28,2.66
41243,0.3,Fair,D,IF,60.5,57.0,1208,4.47,4.35,2.67
11835,1.21,Premium,J,VS2,61.9,59.0,5096,6.84,6.77,4.21
46310,0.3,Premium,E,SI1,59.8,60.0,526,4.31,4.35,2.59
37972,0.41,Ideal,E,VS1,61.5,56.0,1007,4.77,4.79,2.94
18516,1.17,Ideal,G,VS2,61.3,56.0,7548,6.81,6.79,4.17
26772,2.06,Very Good,F,SI2,61.5,56.0,16603,8.15,8.18,5.02
20991,1.79,Premium,J,SI1,60.9,60.0,9205,7.79,7.83,4.76
33489,0.32,Premium,F,VS2,61.0,61.0,828,4.41,4.38,2.68
14445,1.3,Very Good,J,VS2,61.6,56.0,5832,7.02,7.07,4.34
33060,0.3,Ideal,F,VVS1,62.2,56.0,814,4.28,4.3,2.67
28533,0.33,Ideal,I,IF,61.7,55.0,675,4.45,4.49,2.76
26883,2.48,Premium,I,VS2,60.1,58.0,16820,8.83,8.76,5.29
22210,1.14,Premium,E,VVS2,59.7,58.0,10258,6.83,6.91,4.1
47223,0.51,Very Good,E,VS1,61.1,59.0,1839,5.14,5.2,3.16
43295,0.52,Ideal,H,VS2,61.6,55.0,1401,5.19,5.24,3.21
24960,2.0,Fair,H,SI1,65.1,59.0,13442,7.83,7.77,5.08
19097,1.51,Premium,H,SI2,62.5,57.0,7864,7.36,7.26,4.57
17327,0.95,Ideal,G,IF,59.8,59.0,6951,6.36,6.43,3.82
30870,0.33,Premium,G,VS2,62.1,56.0,743,4.44,4.41,2.75
9863,1.19,Ideal,J,SI1,62.0,56.0,4678,6.8,6.77,4.21
34756,0.41,Premium,H,SI1,60.5,58.0,876,4.85,4.81,2.92
29738,0.32,Ideal,G,VVS2,62.0,56.0,708,4.41,4.43,2.74
43587,0.53,Very Good,E,SI1,63.6,57.0,1432,5.12,5.16,3.27
47055,0.63,Ideal,G,VS2,62.6,55.0,1821,5.5,5.46,3.43
2999,0.9,Very Good,G,SI2,59.2,57.0,3303,6.3,6.36,3.75
28532,0.33,Ideal,I,IF,62.0,54.0,675,4.46,4.48,2.77
25594,1.54,Premium,G,VS1,61.1,56.0,14438,7.54,7.48,4.59
46165,0.5,Ideal,E,VS2,62.2,54.0,1746,5.11,5.08,3.17
53301,0.3,Very Good,I,VVS1,62.8,59.0,552,4.24,4.29,2.68
12558,1.06,Ideal,H,VS2,61.2,55.0,5277,6.57,6.61,4.03
6841,0.91,Premium,D,SI2,61.1,60.0,4123,6.24,6.29,3.83
15152,2.06,Good,H,I1,64.3,58.0,6091,8.03,7.99,5.15
16856,1.28,Very Good,I,VS1,62.8,57.0,6726,6.9,6.95,4.35
35238,0.39,Premium,F,VS1,61.7,58.0,894,4.69,4.71,2.9
27413,2.25,Premium,D,SI2,60.4,59.0,18007,8.54,8.48,5.13
29515,0.32,Very Good,E,VS2,62.0,54.0,702,4.37,4.41,2.72
13784,1.28,Premium,E,SI2,62.5,58.0,5620,6.93,6.89,4.32
51541,0.71,Ideal,G,SI1,61.4,57.0,2386,5.76,5.71,3.52
25200,2.1,Very Good,H,SI2,63.3,57.0,13790,8.2,8.08,5.15
30291,0.3,Very Good,G,SI1,59.8,57.0,447,4.32,4.37,2.6
31975,0.26,Very Good,E,VS2,63.2,56.0,453,4.06,4.1,2.58
12157,1.31,Premium,E,SI2,61.2,60.0,5176,7.02,6.93,4.27
39797,0.36,Ideal,D,VS1,61.1,56.0,1095,4.6,4.63,2.82
25791,2.55,Good,H,SI2,63.7,59.0,14775,8.66,8.57,5.49
47749,0.54,Ideal,D,VS2,61.3,56.0,1892,5.22,5.26,3.21
22079,1.75,Very Good,I,SI2,61.2,57.0,10098,7.71,7.76,4.73
34539,0.35,Ideal,G,VVS1,60.7,56.0,868,4.58,4.6,2.79
53565,1.0,Premium,H,I1,61.3,60.0,2695,6.39,6.43,3.93
12342,0.9,Ideal,D,SI1,61.2,55.0,5226,6.25,6.21,3.81
12122,1.35,Premium,G,SI2,60.5,60.0,5167,7.16,7.11,4.32
46936,0.52,Ideal,E,VS2,59.5,57.0,1815,5.27,5.25,3.13
14374,0.3,Premium,G,VS1,60.0,60.0,605,4.3,4.33,2.59
23173,1.51,Premium,H,VS2,61.2,58.0,11188,7.4,7.36,4.52
814,0.91,Premium,J,SI1,59.5,62.0,2863,6.4,6.18,3.74
11818,1.03,Ideal,H,SI1,62.0,56.0,5093,6.44,6.49,4.01
22265,1.15,Ideal,F,VS1,61.1,55.0,10316,6.76,6.82,4.15
1825,0.79,Premium,D,SI1,61.4,59.0,3058,5.96,5.89,3.64
5513,0.91,Very Good,D,SI2,62.3,57.0,3848,6.14,6.22,3.85
7349,0.79,Very Good,D,VS1,62.4,60.0,4213,5.86,5.88,3.66
51006,0.68,Premium,G,VS1,58.6,59.0,2326,5.8,5.77,3.39
38403,0.35,Premium,H,VVS1,60.6,60.0,1024,4.57,4.51,2.75
22300,1.58,Ideal,H,SI1,62.5,57.0,10345,7.43,7.39,4.63
31593,0.2,Premium,E,VS2,59.0,60.0,367,3.81,3.78,2.24
15742,1.06,Premium,G,VS2,60.4,58.0,6296,6.64,6.68,4.02
19208,1.59,Premium,J,VS2,62.6,59.0,7953,7.45,7.43,4.66
30688,0.4,Good,F,SI1,63.6,57.0,737,4.67,4.7,2.98
2556,0.8,Very Good,H,VS1,61.7,62.0,3209,5.89,5.94,3.65
20300,1.5,Very Good,J,VVS2,61.5,60.0,8712,7.27,7.31,4.48
45894,0.52,Premium,F,VS2,62.1,59.0,1720,5.15,5.12,3.19
12264,1.26,Premium,J,SI1,61.7,58.0,5207,6.99,6.91,4.29
6721,0.23,Very Good,D,VS2,60.2,57.0,577,4.02,4.07,2.43
25017,2.22,Premium,F,SI2,59.2,59.0,13553,8.54,8.46,5.03
15791,1.08,Very Good,F,VS2,63.1,57.0,6319,6.56,6.5,4.12
15610,1.54,Good,E,I1,63.3,60.0,6261,7.26,7.3,4.61
